{
	"class_name" : "PinholeCameraParameters",
	"extrinsic" : 
	[
		-0.80815525764390639,
		0.3183031266117875,
		-0.4955483822309098,
		0.0,
		0.54791369564557635,
		0.71494978941599263,
		-0.43432405037947719,
		0.0,
		0.21604550832294167,
		-0.6225190103146957,
		-0.75219307370534438,
		0.0,
		0.026829830125561449,
		-0.017412395447475637,
		2.5261387973786444,
		1.0
	],
	"intrinsic" : 
	{
		"height" : 1061,
		"intrinsic_matrix" : 
		[
			918.85295341528945,
			0.0,
			0.0,
			0.0,
			918.85295341528945,
			0.0,
			959.5,
			530.0,
			1.0
		],
		"width" : 1920
	},
	"version_major" : 1,
	"version_minor" : 0
}