{
	"class_name" : "PinholeCameraParameters",
	"extrinsic" : 
	[
		0.97165488623618668,
		-0.14647718274263102,
		-0.18555650618915309,
		0.0,
		0.10589502242917929,
		-0.43208204747723056,
		0.89559552727367275,
		0.0,
		-0.21135994482887943,
		-0.88985928055151864,
		-0.40432342813429306,
		0.0,
		0.10904353925572829,
		-0.12169148570662702,
		1.8687734258290034,
		1.0
	],
	"intrinsic" : 
	{
		"height" : 1061,
		"intrinsic_matrix" : 
		[
			918.85295341528945,
			0.0,
			0.0,
			0.0,
			918.85295341528945,
			0.0,
			959.5,
			530.0,
			1.0
		],
		"width" : 1920
	},
	"version_major" : 1,
	"version_minor" : 0
}